1,1,Laptop,5,1200.5,2023-01-15,Norte
2,2,Smartphone,10,800.0,2023-02-20,Sur
3,3,Tablet,3,500.75,2023-03-10,Este
4,4,Laptop,2,1200.5,2023-04-05,Oeste
5,5,Smartphone,7,800.0,2023-05-12,Norte
6,9,Auriculares,5,1317.47,2025-04-01,Norte
7,19,Smartphone,5,1919.32,2023-11-01,Sur
8,19,Smartphone,16,1477.7,2023-09-09,Sur
9,25,Laptop,8,471.85,2023-10-21,Centro
10,26,Smartphone,4,1240.73,2024-07-18,Este
11,53,Teclado,12,1104.19,2025-06-03,Sur
12,43,Monitor,12,327.59,2023-11-07,Sur
13,26,Auriculares,13,1369.31,2024-02-27,Sur
14,37,Auriculares,17,1123.42,2024-01-17,Este
15,29,Auriculares,13,1181.5,2024-02-15,Norte
16,29,Laptop,12,1836.6,2025-05-18,Norte
17,43,Laptop,3,753.15,2024-03-24,Este
18,30,Teclado,11,1762.66,2024-06-22,Este
19,50,Teclado,20,1367.64,2024-03-21,Oeste
20,40,Monitor,9,135.56,2023-11-11,Norte
21,13,Laptop,4,327.96,2024-06-12,Oeste
22,28,Smartphone,12,507.22,2024-12-08,Sur
23,54,Teclado,11,721.6,2025-06-26,Centro
24,39,Smartphone,18,516.99,2024-04-06,Sur
25,3,Auriculares,14,1489.77,2024-03-31,Sur
26,53,Auriculares,12,934.84,2025-06-10,Centro
27,24,Teclado,16,610.3,2024-11-10,Sur
28,40,Auriculares,19,244.9,2024-08-23,Norte
29,53,Teclado,12,1845.42,2023-11-15,Sur
30,35,Tablet,15,140.36,2025-01-27,Centro
31,11,Teclado,18,1049.78,2025-02-28,Oeste
32,51,Tablet,10,240.68,2024-05-19,Sur
33,41,Teclado,1,1616.57,2024-05-24,Este
34,39,Laptop,13,849.9,2025-03-22,Este
35,26,Monitor,11,1491.13,2024-02-02,Centro
36,23,Auriculares,10,1932.4,2025-06-05,Sur
37,14,Smartphone,5,830.03,2024-03-04,Norte
38,31,Smartphone,15,202.88,2025-05-16,Norte
39,3,Teclado,18,395.4,2023-10-09,Centro
40,49,Tablet,3,1770.53,2025-03-11,Norte
41,17,Smartphone,19,722.69,2023-08-30,Norte
42,53,Monitor,16,1838.66,2025-04-03,Sur
43,50,Laptop,7,1675.83,2023-12-15,Sur
44,8,Auriculares,15,321.04,2024-09-13,Sur
45,21,Auriculares,5,385.78,2024-10-29,Sur
46,30,Laptop,16,758.86,2024-01-24,Norte
47,9,Monitor,13,701.36,2023-09-09,Este
48,28,Auriculares,14,429.92,2025-01-14,Oeste
49,15,Auriculares,14,1512.37,2023-10-16,Sur
50,13,Teclado,7,256.33,2023-10-08,Sur
51,46,Laptop,7,1931.39,2023-09-23,Oeste
52,13,Smartphone,19,1286.4,2024-01-11,Oeste
53,9,Auriculares,11,687.85,2025-04-22,Sur
54,43,Laptop,9,357.12,2025-01-15,Oeste
55,26,Tablet,2,657.58,2025-04-21,Este
56,36,Laptop,17,125.13,2024-03-01,Centro
57,14,Teclado,18,1162.24,2023-08-27,Oeste
58,41,Tablet,15,320.39,2025-03-07,Norte
59,48,Monitor,5,1845.38,2024-03-08,Sur
60,34,Tablet,7,1908.73,2023-12-22,Norte
61,1,Monitor,16,927.78,2023-07-28,Norte
62,31,Teclado,14,910.15,2024-12-29,Oeste
63,26,Monitor,3,1935.37,2024-11-11,Este
64,54,Monitor,7,1531.83,2024-12-20,Centro
65,23,Monitor,11,620.75,2024-04-22,Centro
66,46,Teclado,4,1696.01,2023-09-25,Centro
67,21,Auriculares,13,195.88,2025-03-26,Este
68,39,Tablet,15,1390.58,2025-02-15,Centro
69,3,Auriculares,18,1163.51,2023-12-18,Norte
70,52,Teclado,14,230.48,2024-11-26,Este
71,17,Teclado,19,399.47,2023-09-23,Centro
72,54,Monitor,15,968.95,2024-10-09,Norte
73,50,Auriculares,3,1400.88,2025-04-11,Sur
74,19,Tablet,16,1831.19,2024-02-10,Este
75,29,Monitor,18,1616.8,2023-12-04,Este
76,51,Teclado,16,708.36,2024-02-14,Este
77,28,Auriculares,14,1753.81,2024-07-29,Este
78,29,Tablet,5,1783.31,2024-03-19,Este
79,40,Auriculares,1,291.79,2024-05-10,Sur
80,50,Monitor,8,329.79,2023-12-20,Oeste
81,28,Laptop,18,1136.23,2025-03-26,Este
82,2,Laptop,2,1148.62,2025-03-27,Oeste
83,30,Tablet,12,799.57,2023-07-25,Oeste
84,19,Tablet,4,415.48,2024-12-29,Este
85,54,Monitor,20,539.65,2025-03-10,Oeste
86,44,Auriculares,13,162.74,2024-03-03,Norte
87,44,Smartphone,5,282.93,2025-01-27,Sur
88,24,Auriculares,11,1208.96,2025-01-24,Centro
89,31,Tablet,15,1477.6,2025-05-20,Sur
90,28,Laptop,10,650.39,2025-07-14,Oeste
91,43,Teclado,5,749.63,2025-06-29,Oeste
92,55,Teclado,3,566.01,2024-04-21,Sur
93,18,Teclado,17,1550.61,2025-04-25,Norte
94,37,Tablet,8,387.42,2024-12-13,Norte
95,23,Laptop,10,980.65,2025-02-24,Oeste
96,22,Tablet,8,954.37,2024-06-23,Oeste
97,22,Laptop,8,1448.82,2024-09-04,Centro
98,24,Auriculares,1,669.73,2025-03-20,Este
99,46,Teclado,3,1748.33,2023-09-03,Oeste
100,34,Smartphone,12,1742.47,2025-03-11,Centro
101,10,Tablet,17,209.61,2025-01-22,Oeste
102,13,Auriculares,2,183.33,2024-01-09,Oeste
103,17,Tablet,17,522.41,2025-01-12,Norte
104,54,Tablet,1,1421.22,2024-10-26,Este
105,38,Tablet,11,1957.65,2024-06-28,Centro
106,42,Auriculares,11,1324.0,2024-10-29,Norte
107,32,Auriculares,12,1388.92,2023-10-08,Este
108,13,Teclado,14,581.86,2023-10-06,Este
109,51,Teclado,12,1953.86,2024-01-14,Sur
110,21,Auriculares,12,1646.21,2023-09-05,Este
111,16,Laptop,2,1882.96,2024-01-13,Norte
112,25,Auriculares,10,440.25,2024-04-18,Norte
113,41,Tablet,6,1087.13,2024-11-26,Este
114,50,Monitor,1,136.34,2024-06-11,Norte
115,29,Laptop,20,1502.71,2025-01-24,Norte
116,42,Laptop,17,1554.93,2025-03-17,Centro
117,4,Tablet,19,261.52,2025-05-14,Oeste
118,45,Teclado,20,1866.7,2023-08-05,Este
119,13,Laptop,18,115.64,2024-03-19,Este
120,48,Smartphone,8,746.32,2024-02-15,Sur
121,32,Tablet,2,1360.76,2023-12-07,Centro
122,11,Smartphone,2,1438.39,2024-12-03,Norte
123,31,Tablet,5,1648.12,2025-02-04,Sur
124,16,Laptop,18,1738.11,2024-09-27,Oeste
125,35,Auriculares,10,1901.65,2023-08-19,Norte
126,7,Tablet,3,203.51,2023-11-28,Norte
127,31,Smartphone,10,640.78,2024-10-27,Centro
128,24,Laptop,3,1398.74,2025-01-01,Oeste
129,47,Auriculares,14,320.69,2023-08-02,Sur
130,45,Teclado,12,1866.73,2023-11-19,Sur
131,1,Tablet,14,715.51,2025-05-26,Centro
132,4,Teclado,14,622.87,2025-06-11,Norte
133,23,Monitor,16,1306.74,2024-05-02,Este
134,44,Teclado,3,899.22,2023-11-16,Este
135,17,Monitor,18,958.77,2024-11-06,Sur
136,19,Auriculares,11,1103.51,2024-05-29,Sur
137,44,Teclado,5,1501.58,2023-09-18,Norte
138,54,Monitor,17,1029.14,2025-01-17,Norte
139,10,Teclado,18,1924.29,2023-11-09,Norte
140,43,Smartphone,17,1662.99,2025-02-01,Sur
141,9,Auriculares,15,931.98,2024-01-03,Sur
142,52,Laptop,1,418.74,2024-08-04,Norte
143,6,Tablet,13,983.3,2023-08-12,Oeste
144,25,Tablet,7,149.87,2025-03-23,Oeste
145,48,Auriculares,8,695.16,2024-01-11,Este
146,43,Teclado,9,1235.29,2024-08-12,Centro
147,47,Laptop,5,525.02,2023-10-10,Este
148,21,Monitor,9,1363.78,2025-02-14,Oeste
149,30,Smartphone,18,1491.71,2025-05-02,Este
150,16,Smartphone,1,1699.4,2025-04-30,Sur
151,48,Teclado,4,1420.48,2024-04-24,Centro
152,23,Smartphone,2,1464.02,2025-04-13,Oeste
153,19,Auriculares,18,706.14,2023-08-04,Sur
154,3,Monitor,17,1592.3,2025-03-02,Este
155,26,Laptop,12,558.93,2023-09-05,Centro
156,11,Smartphone,10,1195.14,2025-05-13,Este
157,38,Tablet,11,885.9,2025-05-27,Centro
158,16,Smartphone,11,1103.6,2024-08-20,Este
159,2,Monitor,20,1130.99,2023-11-11,Centro
160,54,Laptop,6,1194.44,2024-01-17,Este
161,37,Teclado,15,1137.52,2024-06-11,Este
162,3,Laptop,17,523.17,2025-06-23,Centro
163,29,Laptop,18,1140.27,2025-04-27,Centro
164,18,Teclado,3,1018.14,2024-06-11,Oeste
165,15,Smartphone,1,686.97,2025-07-08,Centro
166,29,Smartphone,3,1345.62,2023-11-19,Norte
167,7,Tablet,7,881.58,2024-12-05,Norte
168,30,Auriculares,16,631.34,2024-04-15,Norte
169,33,Smartphone,15,761.99,2024-12-28,Este
170,49,Monitor,4,1005.52,2025-02-16,Sur
171,23,Auriculares,7,918.04,2024-04-01,Sur
172,42,Auriculares,6,680.51,2024-06-26,Sur
173,2,Auriculares,8,654.53,2023-11-23,Norte
174,8,Tablet,18,1007.19,2023-08-23,Este
175,48,Laptop,15,639.08,2024-05-24,Este
176,7,Laptop,12,1299.74,2024-11-22,Centro
177,43,Teclado,19,879.38,2025-02-01,Sur
178,53,Laptop,14,789.41,2023-10-07,Oeste
179,25,Smartphone,6,1510.91,2024-06-14,Este
180,20,Laptop,10,303.22,2024-06-23,Centro
181,30,Laptop,2,237.41,2023-12-07,Este
182,51,Teclado,10,899.95,2024-04-14,Norte
183,54,Smartphone,13,304.61,2024-12-14,Oeste
184,50,Tablet,20,799.92,2024-04-05,Este
185,50,Tablet,15,1417.02,2025-04-08,Centro
186,35,Smartphone,11,1808.42,2023-12-05,Oeste
187,48,Laptop,6,630.76,2025-05-22,Norte
188,16,Smartphone,7,1597.82,2024-07-19,Centro
189,50,Teclado,8,536.04,2024-05-24,Sur
190,10,Auriculares,12,1609.21,2023-07-29,Sur
191,50,Tablet,19,900.34,2024-09-18,Centro
192,33,Smartphone,20,737.15,2024-07-23,Este
193,37,Auriculares,6,142.56,2024-10-01,Este
194,29,Laptop,4,1934.28,2025-06-21,Oeste
195,49,Teclado,13,914.33,2024-07-26,Oeste
196,42,Smartphone,20,1720.64,2025-01-22,Centro
197,2,Laptop,6,1306.88,2024-07-12,Centro
198,34,Teclado,2,1169.13,2024-08-02,Sur
199,5,Auriculares,4,1377.45,2024-04-22,Norte
200,47,Tablet,16,1363.02,2024-10-13,Este
201,22,Smartphone,18,1248.47,2024-12-14,Norte
202,27,Tablet,20,1253.8,2024-12-24,Norte
203,18,Auriculares,5,301.78,2024-04-06,Centro
204,19,Smartphone,8,1949.56,2023-09-16,Norte
205,24,Teclado,12,1820.31,2023-11-30,Sur
206,54,Laptop,18,1997.03,2024-05-02,Este
207,53,Laptop,13,959.05,2024-10-01,Sur
208,31,Smartphone,8,1890.46,2024-03-21,Oeste
209,37,Tablet,8,185.76,2025-01-03,Centro
210,32,Teclado,1,1921.83,2023-12-14,Centro
211,22,Monitor,7,803.06,2025-01-19,Sur
212,16,Auriculares,11,1147.03,2023-08-11,Oeste
213,16,Auriculares,6,669.46,2024-02-14,Oeste
214,2,Auriculares,2,279.58,2023-12-17,Este
215,54,Laptop,1,1656.47,2025-06-13,Oeste
216,20,Teclado,9,1571.74,2025-02-26,Sur
217,2,Monitor,5,203.35,2025-07-01,Este
218,13,Smartphone,9,862.32,2025-07-14,Este
219,38,Monitor,6,522.38,2024-02-12,Oeste
220,41,Auriculares,7,1751.77,2023-12-21,Sur
221,1,Auriculares,5,1574.86,2023-07-25,Centro
222,4,Tablet,11,797.37,2024-05-05,Oeste
223,54,Teclado,5,135.17,2023-09-07,Centro
224,31,Monitor,13,882.36,2024-09-20,Sur
225,35,Teclado,13,665.85,2023-08-28,Sur
226,45,Teclado,7,1686.52,2024-08-04,Sur
227,26,Laptop,3,194.67,2024-07-05,Este
228,28,Tablet,13,1174.35,2023-11-14,Oeste
229,4,Monitor,3,269.83,2024-06-09,Este
230,11,Tablet,17,243.84,2024-07-23,Norte
231,39,Teclado,17,1198.77,2024-09-13,Oeste
232,32,Smartphone,4,1033.03,2024-02-02,Norte
233,40,Teclado,2,937.41,2025-05-21,Centro
234,30,Laptop,18,1925.53,2024-09-13,Centro
235,33,Laptop,3,1185.06,2024-10-01,Sur
236,42,Teclado,4,779.87,2023-10-23,Oeste
237,15,Auriculares,8,741.57,2024-08-03,Oeste
238,29,Teclado,12,350.89,2025-04-26,Oeste
239,50,Tablet,19,1771.61,2024-04-06,Norte
240,20,Teclado,19,618.08,2024-05-19,Norte
241,12,Laptop,8,1701.52,2024-08-07,Sur
242,30,Laptop,10,1594.64,2024-02-03,Sur
243,52,Monitor,2,962.1,2024-03-03,Sur
244,37,Tablet,7,440.42,2025-03-30,Este
245,52,Auriculares,4,564.62,2024-02-19,Centro
246,52,Smartphone,17,1808.41,2024-09-12,Sur
247,29,Smartphone,2,102.97,2025-05-28,Norte
248,35,Smartphone,3,694.46,2025-02-28,Oeste
249,46,Smartphone,13,1850.36,2024-01-07,Oeste
250,43,Laptop,3,1406.42,2025-03-21,Sur
251,38,Smartphone,5,263.64,2024-05-16,Oeste
252,35,Laptop,18,725.56,2024-05-24,Este
253,1,Teclado,14,633.6,2025-04-11,Sur
254,36,Smartphone,19,1250.81,2024-11-05,Sur
255,39,Auriculares,1,167.24,2024-10-31,Este
256,51,Monitor,14,818.23,2024-01-26,Centro
257,26,Tablet,7,1126.07,2024-12-28,Oeste
258,45,Auriculares,19,1008.28,2025-03-19,Oeste
259,55,Monitor,6,1384.12,2024-02-14,Sur
260,19,Laptop,19,1374.5,2024-01-05,Centro
261,7,Laptop,19,198.36,2024-07-02,Sur
262,54,Teclado,10,249.81,2025-06-15,Norte
263,9,Smartphone,3,1840.33,2023-09-25,Norte
264,32,Auriculares,4,1601.28,2025-04-16,Este
265,42,Laptop,7,1957.5,2025-01-19,Centro
266,44,Tablet,19,447.68,2024-07-12,Norte
267,53,Monitor,14,1148.95,2024-08-15,Centro
268,46,Laptop,11,1858.88,2023-11-04,Norte
269,1,Tablet,1,1844.63,2025-07-19,Este
270,54,Teclado,10,951.86,2023-12-04,Norte
271,21,Monitor,6,447.79,2024-12-11,Este
272,49,Teclado,13,1949.33,2025-05-24,Este
273,41,Auriculares,10,275.62,2024-11-08,Sur
274,38,Teclado,3,1088.75,2024-07-05,Centro
275,10,Auriculares,12,1912.45,2024-03-07,Centro
276,33,Auriculares,9,1235.62,2024-09-16,Este
277,15,Smartphone,20,429.24,2025-04-10,Oeste
278,33,Laptop,16,647.69,2024-01-22,Centro
279,7,Smartphone,18,929.61,2024-06-02,Centro
280,25,Laptop,4,764.59,2024-06-08,Norte
281,49,Teclado,7,939.91,2024-10-04,Norte
282,25,Smartphone,2,1002.38,2024-10-29,Oeste
283,45,Smartphone,14,289.62,2025-06-12,Este
284,14,Monitor,6,1234.48,2024-01-05,Este
285,54,Teclado,12,1560.33,2025-01-01,Norte
286,49,Auriculares,6,110.37,2025-02-11,Oeste
287,26,Smartphone,16,113.19,2023-11-21,Sur
288,34,Laptop,13,1053.01,2024-09-30,Sur
289,16,Monitor,20,388.35,2025-06-06,Oeste
290,24,Teclado,9,1473.12,2024-06-06,Oeste
291,34,Monitor,1,1972.91,2025-04-10,Centro
292,29,Laptop,15,1794.15,2023-09-21,Centro
293,18,Laptop,7,1954.86,2024-05-02,Centro
294,42,Tablet,19,491.56,2024-04-04,Centro
295,37,Monitor,7,132.87,2024-07-13,Centro
296,13,Smartphone,10,1848.83,2024-06-16,Este
297,53,Auriculares,13,1048.41,2024-09-09,Oeste
298,34,Monitor,7,650.98,2024-08-01,Este
299,25,Smartphone,18,1034.53,2025-02-22,Sur
300,43,Laptop,8,1265.02,2025-02-02,Norte
301,13,Laptop,7,567.9,2024-07-24,Este
302,47,Tablet,19,1703.68,2024-11-23,Sur
303,38,Smartphone,10,1926.78,2023-09-25,Este
304,6,Tablet,18,1823.35,2024-12-23,Sur
305,53,Smartphone,3,297.69,2024-01-12,Sur
306,42,Tablet,18,1827.04,2023-10-23,Sur
307,36,Auriculares,18,550.19,2025-07-06,Sur
308,29,Tablet,16,610.75,2024-06-30,Oeste
309,29,Laptop,3,918.34,2025-06-24,Sur
310,1,Laptop,20,1137.4,2025-02-19,Centro
311,6,Auriculares,17,1395.81,2025-02-22,Oeste
312,33,Teclado,18,1478.12,2024-11-08,Centro
313,10,Monitor,7,1237.34,2025-01-07,Centro
314,24,Teclado,11,472.83,2025-06-28,Este
315,41,Monitor,8,879.54,2025-06-16,Centro
316,44,Smartphone,9,1032.22,2025-01-09,Oeste
317,17,Auriculares,3,211.57,2024-06-24,Oeste
318,6,Teclado,6,296.6,2024-08-31,Centro
319,17,Tablet,2,1249.32,2023-11-17,Sur
320,20,Teclado,16,530.83,2025-02-19,Oeste
321,42,Monitor,17,1935.56,2024-10-19,Este
322,51,Monitor,9,1763.76,2025-07-21,Este
323,30,Auriculares,4,128.01,2024-01-13,Norte
324,55,Monitor,13,390.05,2025-01-18,Oeste
325,30,Tablet,3,436.45,2023-10-02,Norte
326,40,Smartphone,13,1862.7,2023-12-29,Norte
327,1,Laptop,7,1684.64,2024-09-16,Este
328,24,Laptop,15,1483.65,2025-07-11,Norte
329,3,Laptop,12,846.01,2024-01-11,Oeste
330,30,Auriculares,18,913.14,2025-01-04,Sur
331,33,Teclado,6,1922.03,2023-09-15,Norte
332,5,Auriculares,3,555.45,2024-02-27,Norte
333,32,Tablet,6,556.62,2024-11-25,Este
334,32,Smartphone,10,1192.83,2024-04-22,Centro
335,44,Smartphone,4,1895.34,2025-03-29,Sur
336,43,Laptop,2,850.12,2023-08-26,Sur
337,50,Smartphone,13,1483.96,2023-12-31,Este
338,29,Smartphone,16,258.02,2024-04-05,Oeste
339,3,Auriculares,16,524.69,2025-03-24,Este
340,1,Smartphone,1,1429.27,2025-01-01,Centro
341,34,Teclado,5,1311.85,2024-02-24,Centro
342,2,Laptop,10,1829.25,2024-03-25,Norte
343,46,Teclado,18,523.97,2025-01-14,Norte
344,24,Smartphone,3,1346.77,2024-10-29,Centro
345,20,Auriculares,3,662.21,2024-07-28,Oeste
346,47,Teclado,8,401.82,2025-03-20,Sur
347,47,Tablet,18,797.2,2025-01-25,Norte
348,1,Smartphone,2,1170.54,2024-12-24,Este
349,15,Auriculares,2,1293.75,2023-08-22,Norte
350,9,Monitor,1,614.91,2023-12-23,Este
351,33,Tablet,14,969.42,2025-01-18,Sur
352,19,Monitor,4,285.85,2024-08-10,Centro
353,15,Tablet,11,1971.06,2024-09-23,Norte
354,22,Monitor,6,1070.35,2024-04-25,Sur
355,44,Teclado,3,1098.28,2024-04-15,Este
356,46,Auriculares,9,1153.11,2024-05-13,Centro
357,5,Smartphone,10,802.15,2024-02-14,Oeste
358,11,Auriculares,13,1195.63,2024-02-01,Oeste
359,2,Smartphone,20,1150.18,2025-06-08,Centro
360,11,Laptop,9,796.58,2024-05-27,Este
361,35,Smartphone,8,340.08,2025-06-03,Oeste
362,27,Monitor,13,760.96,2025-06-01,Este
363,54,Monitor,10,1643.91,2025-02-18,Oeste
364,6,Monitor,6,1131.96,2025-04-20,Sur
365,37,Laptop,14,631.52,2024-02-12,Este
366,24,Tablet,11,1356.33,2024-08-17,Centro
367,31,Monitor,13,207.71,2024-09-25,Este
368,47,Teclado,15,1667.78,2023-09-09,Este
369,27,Auriculares,9,774.93,2025-03-27,Sur
370,53,Laptop,18,784.26,2024-06-28,Oeste
371,29,Laptop,2,1289.52,2024-10-14,Este
372,14,Laptop,7,124.91,2025-06-06,Oeste
373,20,Laptop,5,1836.77,2024-01-27,Centro
374,15,Laptop,17,240.52,2023-12-04,Sur
375,39,Laptop,4,882.7,2023-10-30,Oeste
376,28,Teclado,19,646.87,2025-02-14,Este
377,42,Monitor,20,1346.97,2024-02-13,Centro
378,12,Tablet,19,938.14,2025-03-02,Centro
379,53,Smartphone,15,908.31,2025-01-18,Este
380,44,Laptop,15,652.86,2024-07-24,Norte
381,25,Laptop,8,1416.67,2025-06-17,Este
382,39,Teclado,17,690.89,2025-03-18,Sur
383,26,Tablet,15,859.8,2025-07-06,Oeste
384,8,Monitor,19,376.03,2025-03-30,Este
385,38,Monitor,6,840.51,2024-04-06,Sur
386,12,Laptop,1,820.15,2024-10-21,Este
387,18,Teclado,17,785.85,2024-01-07,Norte
388,7,Monitor,9,1409.55,2023-09-11,Norte
389,26,Tablet,12,976.08,2025-03-08,Sur
390,51,Smartphone,15,594.97,2025-07-21,Este
391,25,Auriculares,3,540.6,2025-04-18,Sur
392,19,Teclado,20,1294.08,2024-10-26,Este
393,38,Monitor,5,1124.18,2025-04-13,Centro
394,46,Teclado,1,378.15,2023-09-09,Sur
395,31,Teclado,4,143.71,2023-11-06,Este
396,15,Auriculares,10,1183.6,2025-06-15,Sur
397,47,Teclado,12,405.78,2024-09-20,Sur
398,52,Teclado,4,1759.61,2024-04-10,Sur
399,9,Smartphone,15,288.59,2025-01-20,Centro
400,28,Auriculares,5,1752.48,2023-11-20,Oeste
401,13,Laptop,16,1439.74,2023-10-31,Oeste
402,22,Teclado,4,1088.9,2024-01-10,Este
403,21,Monitor,7,888.96,2023-08-09,Centro
404,14,Auriculares,3,1033.49,2024-06-12,Oeste
405,16,Smartphone,20,546.56,2023-12-08,Centro
406,11,Teclado,5,1637.29,2024-01-09,Norte
407,25,Smartphone,19,1760.8,2025-01-26,Centro
408,12,Tablet,14,1103.65,2023-10-05,Este
409,8,Auriculares,15,847.21,2023-08-26,Oeste
410,42,Tablet,4,1631.24,2025-01-08,Centro
411,9,Auriculares,11,944.29,2024-11-20,Centro
412,40,Smartphone,14,150.91,2023-11-21,Centro
413,38,Tablet,1,924.46,2024-02-09,Este
414,8,Smartphone,18,1351.11,2023-12-11,Sur
415,30,Auriculares,1,1635.08,2024-02-01,Sur
416,6,Laptop,12,1804.36,2025-06-15,Este
417,43,Laptop,18,172.0,2024-10-16,Sur
418,31,Auriculares,5,1113.93,2024-04-30,Este
419,21,Auriculares,13,850.35,2024-09-23,Centro
420,48,Smartphone,7,615.58,2024-03-17,Sur
421,39,Monitor,9,1402.62,2024-06-21,Este
422,12,Tablet,10,1985.06,2025-06-12,Sur
423,42,Teclado,13,1559.65,2025-06-12,Este
424,30,Smartphone,14,1581.7,2025-04-30,Oeste
425,54,Teclado,4,1824.22,2024-07-15,Centro
426,12,Laptop,9,1340.38,2025-03-25,Norte
427,4,Teclado,6,1098.64,2024-02-03,Este
428,14,Tablet,6,1333.81,2023-08-04,Norte
429,48,Laptop,19,658.78,2025-03-09,Sur
430,45,Smartphone,5,308.97,2025-01-09,Norte
431,17,Smartphone,4,971.97,2025-01-10,Sur
432,53,Tablet,14,1171.09,2023-08-15,Oeste
433,50,Auriculares,14,1221.02,2024-05-07,Norte
434,1,Tablet,17,380.85,2025-01-24,Oeste
435,29,Auriculares,12,978.02,2025-02-06,Oeste
436,34,Auriculares,19,517.11,2025-04-29,Oeste
437,38,Tablet,10,1116.52,2023-11-30,Este
438,28,Teclado,5,925.72,2025-02-03,Norte
439,21,Tablet,12,1575.44,2025-03-12,Sur
440,30,Teclado,20,382.62,2025-01-02,Norte
441,19,Smartphone,20,873.31,2023-08-28,Sur
442,4,Auriculares,4,845.09,2025-07-13,Norte
443,12,Smartphone,13,756.49,2023-11-11,Centro
444,52,Monitor,8,1816.36,2023-10-19,Centro
445,45,Monitor,17,819.33,2023-07-25,Oeste
446,36,Teclado,18,1430.65,2025-03-08,Norte
447,45,Monitor,4,919.09,2025-06-15,Norte
448,28,Tablet,2,1476.49,2023-08-24,Oeste
449,37,Tablet,15,1838.26,2024-11-16,Este
450,2,Auriculares,12,1031.46,2025-04-28,Este
451,16,Tablet,19,601.69,2025-04-18,Norte
452,34,Monitor,19,898.99,2025-06-14,Sur
453,49,Monitor,14,1019.26,2024-03-08,Centro
454,14,Tablet,5,1634.65,2023-11-25,Sur
455,37,Laptop,11,1737.02,2024-09-30,Oeste
456,55,Auriculares,13,663.6,2025-03-06,Este
457,22,Laptop,12,428.19,2024-08-20,Centro
458,43,Tablet,2,1254.01,2024-03-22,Sur
459,11,Auriculares,8,1579.63,2023-10-29,Centro
460,41,Smartphone,14,1975.99,2025-02-10,Centro
461,39,Smartphone,6,1817.1,2024-04-03,Oeste
462,8,Teclado,5,1407.28,2024-06-28,Este
463,18,Tablet,14,1241.14,2025-05-01,Oeste
464,2,Teclado,19,1227.83,2025-05-02,Oeste
465,19,Smartphone,19,272.4,2024-09-21,Oeste
466,8,Tablet,4,455.3,2024-12-13,Norte
467,15,Tablet,5,1878.81,2024-02-08,Sur
468,43,Smartphone,7,560.27,2025-03-12,Oeste
469,26,Auriculares,17,309.28,2025-07-06,Norte
470,40,Auriculares,4,143.2,2024-12-10,Este
471,21,Laptop,1,482.74,2025-03-17,Oeste
472,11,Tablet,8,294.21,2024-10-09,Oeste
473,37,Tablet,16,931.95,2024-02-25,Este
474,11,Tablet,15,856.8,2023-11-09,Centro
475,50,Teclado,19,1458.71,2024-04-24,Norte
476,48,Smartphone,9,1156.27,2023-12-31,Oeste
477,50,Auriculares,9,1405.01,2025-04-30,Norte
478,16,Smartphone,13,429.61,2024-05-17,Centro
479,47,Tablet,10,107.53,2023-10-28,Oeste
480,21,Tablet,18,1031.12,2024-01-21,Oeste
481,50,Auriculares,8,148.39,2023-08-21,Centro
482,45,Smartphone,6,1889.11,2024-07-26,Oeste
483,50,Tablet,10,1682.22,2025-04-20,Norte
484,29,Tablet,1,753.49,2025-06-22,Centro
485,50,Tablet,17,632.18,2024-06-03,Este
486,5,Teclado,17,1379.32,2024-10-07,Centro
487,28,Teclado,7,171.73,2023-08-19,Oeste
488,14,Auriculares,4,1289.72,2024-07-04,Este
489,21,Teclado,11,305.62,2025-04-02,Norte
490,4,Monitor,6,952.8,2024-04-26,Norte
491,1,Monitor,15,1570.38,2024-05-08,Este
492,37,Laptop,15,557.51,2024-02-03,Sur
493,30,Auriculares,1,1713.14,2023-09-01,Norte
494,9,Monitor,15,1724.59,2023-08-18,Oeste
495,3,Tablet,17,1190.93,2024-08-08,Oeste
496,11,Tablet,12,198.89,2024-08-07,Oeste
497,49,Laptop,12,854.75,2024-09-05,Centro
498,5,Tablet,2,392.79,2025-02-18,Norte
499,22,Auriculares,20,326.33,2024-07-31,Centro
500,39,Auriculares,16,1889.83,2023-09-16,Sur
501,27,Teclado,7,1916.54,2025-02-03,Sur
502,28,Tablet,2,846.61,2024-03-01,Oeste
503,54,Smartphone,4,1906.19,2024-01-21,Norte
504,16,Monitor,20,222.88,2024-09-04,Norte
505,19,Teclado,19,1883.45,2024-03-07,Centro
506,10,Tablet,4,518.06,2024-10-16,Norte
507,22,Smartphone,1,1321.33,2023-11-26,Norte
508,12,Teclado,12,1989.67,2023-11-05,Norte
509,22,Teclado,1,1313.92,2025-05-30,Este
510,28,Smartphone,12,1135.42,2023-09-23,Este
511,20,Laptop,3,1806.44,2023-09-12,Oeste
512,53,Auriculares,4,1913.8,2025-01-30,Este
513,39,Laptop,8,241.58,2024-11-14,Este
514,23,Laptop,6,1045.71,2025-04-18,Este
515,7,Monitor,7,418.38,2023-09-25,Oeste
516,11,Monitor,12,919.38,2023-08-14,Sur
517,29,Tablet,2,115.6,2024-07-05,Este
518,42,Monitor,7,1586.72,2025-01-25,Norte
519,48,Teclado,7,767.17,2025-03-07,Este
520,1,Tablet,18,353.77,2024-08-21,Oeste
521,4,Teclado,17,290.38,2024-12-11,Sur
522,35,Laptop,3,860.73,2024-05-21,Sur
523,37,Auriculares,14,293.11,2024-04-19,Oeste
524,54,Smartphone,7,976.03,2023-10-05,Este
525,36,Teclado,10,111.26,2024-09-16,Este
526,16,Smartphone,4,105.1,2025-01-12,Sur
527,3,Auriculares,5,1530.35,2024-02-08,Norte
528,9,Laptop,13,441.95,2025-07-03,Centro
529,34,Auriculares,3,1054.59,2023-07-29,Sur
530,4,Teclado,6,570.23,2025-03-25,Norte
531,51,Smartphone,3,207.66,2024-05-25,Sur
532,30,Tablet,6,659.85,2024-06-10,Centro
533,10,Teclado,12,884.29,2023-12-22,Centro
534,33,Laptop,2,826.31,2024-01-16,Sur
535,22,Auriculares,19,545.28,2024-10-13,Este
536,12,Teclado,8,630.29,2024-04-23,Este
537,12,Auriculares,20,118.06,2023-10-28,Norte
538,10,Smartphone,6,1096.6,2024-10-21,Este
539,23,Smartphone,8,148.43,2023-12-22,Este
540,30,Monitor,10,1475.83,2025-05-27,Sur
541,36,Auriculares,16,1006.98,2024-04-03,Este
542,36,Monitor,18,333.71,2025-06-05,Sur
543,32,Smartphone,20,501.58,2023-08-09,Este
544,39,Laptop,10,842.27,2024-04-17,Centro
545,8,Auriculares,3,514.82,2024-09-30,Oeste
546,43,Auriculares,12,1346.66,2024-09-27,Sur
547,49,Teclado,15,1533.98,2024-03-29,Este
548,21,Monitor,9,1933.47,2025-04-24,Norte
549,23,Teclado,9,303.28,2024-08-22,Norte
550,28,Teclado,10,195.26,2024-03-18,Sur
551,22,Laptop,2,1721.98,2023-10-23,Norte
552,47,Auriculares,3,1904.54,2024-10-27,Oeste
553,12,Auriculares,3,661.94,2025-07-19,Norte
554,39,Teclado,20,1877.33,2024-09-12,Norte
555,31,Smartphone,19,578.25,2025-03-01,Este
556,43,Teclado,19,145.57,2024-04-07,Norte
557,35,Auriculares,6,1597.93,2025-01-15,Sur
558,44,Laptop,17,1925.98,2024-07-22,Sur
559,7,Laptop,12,1394.34,2023-07-26,Sur
560,6,Auriculares,17,1504.13,2025-06-04,Sur
561,24,Teclado,5,194.69,2025-02-27,Sur
562,49,Teclado,3,1044.08,2024-02-29,Este
563,50,Auriculares,9,436.6,2024-05-18,Sur
564,13,Laptop,4,843.18,2025-03-13,Sur
565,48,Monitor,1,377.11,2024-04-12,Centro
566,36,Smartphone,7,1512.32,2024-05-27,Oeste
567,37,Laptop,16,704.92,2023-12-21,Centro
568,45,Monitor,6,1564.55,2024-03-18,Este
569,28,Tablet,8,1676.24,2024-07-10,Centro
570,16,Smartphone,18,952.21,2025-07-14,Sur
571,7,Laptop,9,1486.8,2024-01-06,Oeste
572,21,Tablet,15,353.67,2024-08-14,Sur
573,28,Auriculares,12,177.39,2024-02-22,Centro
574,48,Teclado,4,1809.83,2023-12-13,Este
575,21,Monitor,16,1777.39,2024-12-29,Este
576,2,Auriculares,19,716.02,2023-11-05,Oeste
577,42,Auriculares,14,1484.81,2024-02-23,Centro
578,54,Laptop,20,467.79,2024-03-27,Este
579,26,Auriculares,20,357.29,2025-04-20,Centro
580,47,Auriculares,10,683.48,2025-05-10,Centro
581,47,Teclado,9,900.69,2025-06-15,Norte
582,36,Laptop,11,1944.12,2023-12-17,Sur
583,23,Smartphone,6,670.8,2024-01-30,Sur
584,5,Teclado,20,726.89,2024-12-31,Este
585,10,Monitor,18,576.62,2023-09-07,Sur
586,41,Monitor,13,1773.05,2025-04-30,Sur
587,6,Tablet,6,168.25,2024-02-14,Sur
588,2,Tablet,14,1792.73,2023-08-22,Oeste
589,30,Tablet,1,1718.8,2024-12-14,Centro
590,10,Monitor,17,1559.97,2024-06-30,Sur
591,41,Auriculares,14,929.89,2024-02-10,Este
592,17,Smartphone,2,1105.02,2023-10-20,Centro
593,49,Monitor,1,1519.86,2024-03-20,Norte
594,6,Tablet,4,1561.33,2024-06-23,Oeste
595,8,Tablet,20,1479.63,2023-11-23,Oeste
596,45,Teclado,14,1406.82,2024-04-24,Este
597,45,Laptop,13,1514.37,2024-02-18,Este
598,8,Smartphone,9,1433.09,2025-02-26,Sur
599,35,Auriculares,5,1546.71,2025-02-13,Oeste
600,9,Monitor,18,137.14,2024-01-25,Este
601,41,Laptop,9,1322.64,2023-10-14,Este
602,31,Laptop,17,1332.64,2023-08-30,Centro
603,19,Auriculares,3,435.61,2025-04-09,Norte
604,18,Laptop,3,1320.14,2025-01-14,Sur
605,52,Laptop,14,870.22,2025-04-14,Sur
606,18,Tablet,16,1977.84,2024-03-26,Sur
607,11,Tablet,10,304.64,2024-03-08,Centro
608,29,Auriculares,1,1710.83,2024-05-03,Oeste
609,15,Tablet,3,776.87,2024-05-05,Oeste
610,17,Auriculares,18,1823.48,2024-09-16,Oeste
611,47,Auriculares,5,657.13,2024-01-15,Oeste
612,33,Monitor,15,1636.45,2024-07-23,Centro
613,36,Teclado,7,1089.0,2023-10-07,Norte
614,30,Teclado,20,267.6,2024-04-29,Este
615,29,Tablet,16,593.01,2024-09-06,Centro
616,45,Laptop,5,1064.92,2024-03-20,Este
617,11,Laptop,6,389.66,2024-06-04,Este
618,24,Laptop,13,774.56,2025-04-08,Oeste
619,48,Laptop,3,684.42,2025-04-10,Este
620,37,Teclado,13,339.92,2024-11-24,Norte
621,21,Teclado,6,689.18,2025-03-30,Oeste
622,22,Tablet,8,310.22,2024-09-16,Oeste
623,48,Auriculares,14,1065.61,2024-08-22,Este
624,16,Tablet,8,1259.31,2024-03-22,Norte
625,53,Teclado,1,920.63,2024-09-13,Centro
626,22,Monitor,19,625.63,2025-06-25,Centro
627,45,Teclado,3,627.33,2025-05-16,Sur
628,36,Smartphone,7,1555.48,2024-06-26,Centro
629,11,Auriculares,4,1985.8,2024-01-19,Centro
630,28,Teclado,3,1660.17,2025-05-18,Centro
631,30,Teclado,2,485.14,2024-07-07,Este
632,21,Smartphone,8,539.8,2023-12-17,Este
633,49,Monitor,9,395.03,2024-07-23,Sur
634,13,Tablet,20,1425.55,2025-06-26,Sur
635,2,Teclado,3,1723.89,2024-11-25,Este
636,23,Teclado,17,184.58,2025-03-06,Sur
637,13,Auriculares,14,437.37,2025-07-21,Centro
638,10,Auriculares,17,103.0,2024-08-11,Este
639,40,Laptop,6,1568.39,2025-05-08,Este
640,10,Auriculares,20,553.52,2025-05-18,Oeste
641,15,Tablet,16,406.79,2024-10-22,Norte
642,29,Monitor,17,899.31,2024-06-25,Sur
643,33,Auriculares,9,1738.57,2024-10-11,Este
644,31,Smartphone,5,272.73,2024-06-19,Norte
645,28,Auriculares,7,547.38,2023-11-19,Centro
646,53,Teclado,18,1358.98,2024-10-03,Oeste
647,13,Laptop,10,349.81,2023-07-28,Centro
648,27,Laptop,14,1372.63,2025-04-21,Este
649,3,Monitor,9,272.96,2024-04-21,Sur
650,11,Laptop,20,682.91,2024-04-11,Sur
651,41,Teclado,4,1508.35,2023-09-25,Sur
652,55,Monitor,5,511.36,2025-02-13,Sur
653,25,Monitor,16,985.14,2025-06-18,Norte
654,41,Tablet,2,684.82,2024-03-22,Oeste
655,45,Smartphone,20,1144.19,2024-12-11,Oeste
656,50,Monitor,13,917.47,2024-02-02,Oeste
657,18,Smartphone,18,780.0,2024-12-24,Oeste
658,10,Monitor,5,1749.66,2025-05-23,Oeste
659,30,Smartphone,1,1712.57,2024-11-04,Sur
660,29,Laptop,20,1304.48,2025-01-13,Oeste
661,46,Laptop,9,1294.52,2023-10-25,Oeste
662,15,Auriculares,18,1913.92,2023-11-05,Este
663,28,Smartphone,8,1829.98,2024-06-13,Oeste
664,43,Monitor,14,1176.08,2024-08-15,Oeste
665,47,Laptop,14,486.61,2024-05-29,Centro
666,46,Auriculares,19,1674.46,2024-07-21,Norte
667,24,Laptop,10,1675.95,2024-05-30,Centro
668,1,Smartphone,12,1918.17,2025-03-08,Este
669,27,Tablet,10,357.04,2025-06-17,Sur
670,47,Tablet,4,885.75,2024-05-15,Centro
671,15,Tablet,8,539.42,2024-11-16,Oeste
672,49,Tablet,18,919.13,2023-11-30,Oeste
673,49,Teclado,10,1309.72,2024-06-02,Centro
674,24,Teclado,5,1431.98,2024-07-27,Este
675,55,Laptop,9,114.67,2025-01-13,Sur
676,34,Monitor,4,283.99,2023-10-13,Norte
677,47,Smartphone,15,1967.01,2025-04-05,Este
678,16,Tablet,9,1761.1,2024-06-10,Centro
679,49,Laptop,20,482.66,2023-08-30,Sur
680,25,Auriculares,10,727.59,2024-06-11,Oeste
681,9,Auriculares,12,1731.77,2024-04-23,Centro
682,29,Smartphone,11,895.44,2024-02-21,Centro
683,4,Auriculares,17,1287.74,2024-05-15,Oeste
684,28,Smartphone,1,822.77,2023-08-23,Centro
685,35,Auriculares,3,1633.21,2024-01-10,Este
686,6,Teclado,11,797.49,2025-03-11,Norte
687,44,Tablet,16,1997.65,2024-02-15,Centro
688,33,Teclado,18,644.09,2024-11-21,Centro
689,21,Laptop,11,1260.64,2023-08-03,Norte
690,8,Tablet,1,624.15,2024-04-27,Oeste
691,53,Laptop,20,1563.73,2025-05-06,Este
692,27,Teclado,15,1701.08,2023-08-28,Centro
693,6,Smartphone,2,1566.75,2024-05-31,Centro
694,31,Teclado,6,1961.01,2024-02-24,Centro
695,17,Smartphone,16,592.65,2024-04-05,Oeste
696,38,Monitor,11,1512.73,2023-09-26,Sur
697,36,Tablet,5,913.24,2024-01-31,Oeste
698,50,Smartphone,8,1619.26,2023-08-06,Sur
699,27,Teclado,10,1538.14,2024-02-27,Sur
700,45,Laptop,19,375.3,2024-01-14,Sur
701,20,Auriculares,17,259.83,2024-12-15,Este
702,51,Tablet,8,131.21,2025-06-18,Sur
703,38,Teclado,3,971.18,2023-11-20,Este
704,25,Auriculares,7,961.42,2025-04-08,Este
705,54,Tablet,7,1160.12,2023-08-30,Centro
706,33,Teclado,9,681.27,2023-12-27,Sur
707,26,Tablet,15,352.46,2024-09-17,Centro
708,40,Auriculares,4,688.53,2023-12-28,Centro
709,31,Auriculares,18,163.13,2024-11-06,Sur
710,45,Monitor,6,1808.32,2023-12-10,Centro
711,36,Auriculares,19,1367.24,2024-05-26,Oeste
712,5,Tablet,9,251.34,2024-11-20,Sur
713,38,Monitor,5,319.72,2024-07-22,Oeste
714,46,Auriculares,19,1957.15,2024-06-14,Oeste
715,45,Tablet,15,1800.23,2024-10-02,Norte
716,14,Monitor,19,115.4,2023-12-08,Centro
717,16,Monitor,19,1321.47,2025-06-25,Norte
718,48,Smartphone,3,802.79,2023-11-19,Centro
719,30,Monitor,20,1041.18,2023-10-14,Oeste
720,50,Tablet,16,1863.8,2024-06-27,Norte
721,33,Tablet,3,1899.27,2024-11-22,Sur
722,17,Teclado,18,1365.76,2024-05-27,Sur
723,46,Auriculares,3,1737.5,2025-01-05,Centro
724,18,Laptop,3,462.19,2024-01-02,Norte
725,48,Laptop,8,402.9,2024-10-31,Sur
726,42,Laptop,18,1217.31,2025-03-05,Oeste
727,51,Teclado,13,248.5,2025-06-27,Este
728,29,Auriculares,7,1847.2,2025-04-05,Sur
729,52,Monitor,19,953.21,2025-01-12,Oeste
730,42,Auriculares,4,1483.58,2024-12-06,Este
731,45,Monitor,19,144.84,2024-05-28,Norte
732,3,Monitor,2,1152.5,2025-04-09,Sur
733,3,Tablet,16,1458.76,2024-11-14,Oeste
734,8,Smartphone,1,710.8,2025-06-30,Centro
735,1,Auriculares,16,275.26,2024-10-08,Este
736,9,Monitor,19,252.58,2024-11-06,Sur
737,20,Teclado,14,1909.89,2024-03-11,Oeste
738,20,Monitor,6,1805.64,2023-12-05,Oeste
739,55,Teclado,20,1368.33,2024-06-23,Norte
740,10,Monitor,2,1645.86,2024-11-10,Norte
741,3,Teclado,9,1832.36,2024-04-17,Sur
742,4,Monitor,12,1033.66,2024-12-15,Sur
743,48,Laptop,17,199.16,2024-11-09,Oeste
744,37,Monitor,3,1017.87,2025-07-18,Sur
745,10,Teclado,2,1420.14,2025-03-05,Norte
746,50,Laptop,10,700.25,2023-11-13,Norte
747,13,Tablet,12,461.54,2023-08-01,Oeste
748,38,Monitor,18,888.55,2025-04-22,Centro
749,45,Laptop,19,518.22,2025-03-07,Sur
750,17,Tablet,14,365.95,2024-02-26,Este
751,4,Smartphone,11,1872.48,2023-10-03,Centro
752,54,Smartphone,1,188.13,2025-04-10,Este
753,19,Teclado,15,1881.11,2023-08-10,Este
754,38,Auriculares,15,341.74,2024-01-14,Centro
755,17,Monitor,19,1367.73,2025-05-22,Sur
756,48,Smartphone,19,1178.55,2024-05-19,Oeste
757,30,Monitor,20,713.96,2023-08-27,Sur
758,21,Monitor,9,1827.57,2024-02-16,Norte
759,33,Tablet,14,1684.19,2024-01-22,Norte
760,39,Laptop,6,918.41,2024-05-29,Norte
761,25,Smartphone,7,634.34,2024-11-18,Sur
762,22,Laptop,3,1277.18,2024-04-14,Sur
763,5,Auriculares,2,1895.88,2024-12-20,Centro
764,30,Auriculares,6,703.41,2023-09-11,Norte
765,54,Tablet,3,930.8,2024-01-02,Norte
766,40,Auriculares,19,660.18,2025-05-11,Este
767,9,Auriculares,5,1572.73,2023-08-29,Norte
768,53,Monitor,10,714.57,2023-09-29,Oeste
769,45,Auriculares,11,1393.84,2024-01-22,Centro
770,15,Teclado,20,900.61,2024-10-15,Este
771,12,Auriculares,3,1370.7,2023-12-04,Oeste
772,20,Auriculares,3,1077.54,2024-03-29,Este
773,38,Smartphone,4,1329.2,2024-06-03,Sur
774,27,Laptop,15,1471.09,2024-02-24,Sur
775,27,Tablet,10,925.93,2023-11-23,Centro
776,11,Teclado,1,1327.2,2025-06-27,Centro
777,33,Teclado,11,1249.82,2023-11-09,Norte
778,30,Teclado,7,669.62,2023-10-03,Centro
779,39,Auriculares,17,1678.99,2025-01-07,Oeste
780,18,Laptop,6,771.44,2023-09-29,Norte
781,2,Tablet,10,1487.74,2025-02-23,Oeste
782,11,Auriculares,7,268.25,2024-03-05,Centro
783,49,Monitor,6,897.88,2023-12-07,Este
784,22,Teclado,1,266.9,2025-01-02,Centro
785,44,Auriculares,17,106.17,2024-08-27,Este
786,24,Monitor,7,1525.39,2024-06-04,Norte
787,7,Monitor,7,1306.56,2023-12-31,Oeste
788,28,Teclado,19,1024.57,2024-06-14,Este
789,14,Monitor,15,1873.85,2025-04-02,Este
790,12,Laptop,15,241.52,2023-11-24,Este
791,39,Monitor,14,1820.18,2023-10-14,Centro
792,12,Auriculares,12,682.62,2023-11-15,Sur
793,54,Monitor,16,532.84,2024-08-01,Norte
794,50,Tablet,9,602.83,2024-12-24,Oeste
795,50,Teclado,11,1777.83,2024-08-28,Oeste
796,4,Laptop,4,1825.33,2024-01-04,Centro
797,40,Tablet,3,819.63,2023-12-29,Centro
798,32,Auriculares,3,481.14,2024-05-17,Sur
799,37,Smartphone,13,228.51,2024-09-05,Oeste
800,36,Laptop,10,382.2,2024-11-08,Oeste
801,17,Teclado,1,527.05,2024-02-07,Centro
802,1,Laptop,16,1986.42,2025-06-07,Centro
803,16,Laptop,7,853.33,2025-01-17,Sur
804,34,Tablet,9,1970.59,2024-12-08,Este
805,22,Teclado,8,1782.27,2023-12-12,Sur
806,32,Tablet,12,1962.27,2023-09-04,Norte
807,29,Laptop,15,1107.88,2024-10-01,Centro
808,44,Smartphone,12,1947.17,2024-08-27,Norte
809,27,Teclado,14,1096.37,2024-03-19,Centro
810,2,Tablet,20,1284.61,2024-03-17,Norte
811,53,Laptop,4,1923.59,2024-01-22,Norte
812,26,Laptop,8,1735.58,2024-08-23,Este
813,48,Auriculares,9,554.37,2023-11-01,Sur
814,6,Monitor,15,1234.86,2025-02-03,Norte
815,33,Teclado,20,507.76,2025-03-09,Sur
816,2,Laptop,9,1687.91,2024-01-26,Sur
817,49,Smartphone,11,192.35,2024-01-20,Este
818,36,Auriculares,16,1557.37,2024-11-17,Este
819,15,Laptop,14,1517.43,2024-10-06,Oeste
820,8,Tablet,17,1599.05,2023-09-23,Oeste
821,1,Tablet,6,847.68,2024-08-07,Centro
822,39,Tablet,4,726.09,2025-03-28,Este
823,5,Tablet,6,316.62,2024-02-29,Centro
824,51,Monitor,11,1587.25,2025-04-30,Centro
825,4,Smartphone,20,1193.12,2025-01-12,Este
826,49,Smartphone,6,1496.9,2024-12-18,Este
827,54,Monitor,13,1901.52,2024-04-07,Norte
828,37,Laptop,19,1788.04,2024-01-14,Este
829,13,Laptop,1,1393.42,2024-06-12,Este
830,55,Monitor,7,836.01,2025-02-01,Oeste
831,8,Smartphone,20,865.99,2024-05-28,Sur
832,21,Auriculares,9,294.5,2025-07-11,Centro
833,17,Laptop,11,202.29,2024-12-19,Sur
834,2,Smartphone,3,446.57,2024-04-23,Norte
835,1,Teclado,4,467.79,2024-03-12,Oeste
836,52,Monitor,3,1675.09,2023-12-05,Este
837,35,Monitor,15,411.22,2025-02-22,Centro
838,32,Laptop,12,1100.2,2024-09-10,Sur
839,23,Teclado,7,1171.56,2025-04-16,Norte
840,8,Auriculares,8,392.75,2024-05-02,Norte
841,53,Smartphone,14,1041.63,2024-05-03,Centro
842,5,Tablet,4,304.25,2023-08-06,Centro
843,29,Smartphone,18,1673.64,2025-03-30,Centro
844,12,Monitor,1,1479.01,2025-07-20,Oeste
845,1,Smartphone,2,1994.68,2024-06-22,Norte
846,1,Teclado,14,1305.36,2025-02-05,Sur
847,35,Laptop,4,1712.31,2025-04-13,Oeste
848,11,Teclado,20,1414.91,2025-06-01,Centro
849,23,Tablet,5,1693.14,2023-12-13,Norte
850,18,Monitor,14,591.14,2024-08-22,Centro
851,44,Auriculares,16,1387.19,2025-01-10,Oeste
852,16,Laptop,6,398.39,2023-07-28,Sur
853,31,Tablet,12,129.83,2024-08-09,Este
854,32,Auriculares,9,1333.26,2025-04-08,Este
855,54,Laptop,13,1923.62,2024-10-27,Centro
856,12,Laptop,13,1586.42,2023-10-29,Norte
857,43,Smartphone,11,1827.64,2025-07-10,Oeste
858,19,Teclado,14,677.62,2025-02-25,Centro
859,43,Smartphone,4,1247.22,2023-07-27,Norte
860,13,Laptop,18,444.62,2023-09-08,Sur
861,55,Teclado,17,107.47,2024-10-08,Sur
862,50,Monitor,17,1543.09,2024-01-13,Este
863,26,Smartphone,7,899.86,2025-04-30,Este
864,32,Monitor,7,1005.7,2024-06-29,Centro
865,12,Tablet,4,778.23,2024-06-10,Este
866,30,Auriculares,13,776.26,2023-11-15,Norte
867,3,Teclado,2,1592.85,2025-01-26,Oeste
868,51,Monitor,9,569.93,2023-09-24,Oeste
869,40,Monitor,3,583.1,2024-12-04,Este
870,41,Laptop,17,363.66,2024-11-23,Sur
871,29,Tablet,3,1632.42,2024-04-04,Oeste
872,44,Laptop,18,1677.44,2024-11-13,Norte
873,4,Tablet,8,1179.45,2023-09-29,Sur
874,51,Auriculares,6,177.28,2025-04-12,Sur
875,31,Teclado,10,969.18,2024-10-01,Norte
876,45,Tablet,7,972.73,2024-08-16,Norte
877,43,Auriculares,9,824.69,2024-06-25,Sur
878,37,Tablet,9,645.64,2025-06-18,Centro
879,31,Smartphone,16,1733.31,2023-12-13,Sur
880,42,Teclado,4,1108.74,2025-06-13,Norte
881,26,Tablet,8,1013.1,2025-06-02,Sur
882,38,Smartphone,3,1607.53,2024-05-17,Oeste
883,31,Smartphone,13,289.33,2024-10-15,Norte
884,45,Monitor,12,925.95,2023-10-01,Este
885,28,Tablet,1,946.16,2025-07-05,Norte
886,31,Auriculares,10,1738.83,2023-11-13,Norte
887,13,Laptop,1,1653.88,2023-08-26,Centro
888,54,Auriculares,1,1090.58,2024-10-02,Este
889,5,Smartphone,2,727.17,2024-11-29,Norte
890,1,Monitor,6,1620.65,2024-11-11,Este
891,12,Laptop,5,1357.1,2023-09-23,Centro
892,16,Monitor,15,357.6,2023-11-25,Sur
893,50,Auriculares,5,696.09,2024-02-08,Sur
894,43,Auriculares,11,1825.76,2023-11-15,Oeste
895,49,Monitor,13,1475.11,2023-09-26,Este
896,25,Monitor,1,789.93,2023-12-03,Este
897,21,Auriculares,2,701.26,2024-10-30,Centro
898,39,Teclado,6,1201.29,2024-07-28,Norte
899,3,Teclado,17,1216.76,2025-05-12,Oeste
900,8,Smartphone,2,1905.49,2025-01-24,Oeste
901,55,Monitor,14,1680.72,2023-11-18,Oeste
902,52,Laptop,17,1525.79,2024-10-24,Sur
903,13,Smartphone,10,1673.43,2024-10-11,Este
904,33,Tablet,8,1806.24,2024-02-04,Sur
905,43,Laptop,11,591.98,2025-01-26,Oeste
906,26,Smartphone,9,1467.54,2025-05-29,Centro
907,17,Auriculares,12,1244.6,2024-11-09,Sur
908,9,Teclado,13,1292.58,2024-08-23,Sur
909,52,Smartphone,20,1318.72,2024-08-28,Norte
910,53,Tablet,6,407.97,2025-03-18,Centro
911,18,Tablet,2,1593.18,2025-03-06,Norte
912,10,Monitor,2,1163.53,2023-11-09,Norte
913,25,Teclado,9,566.1,2023-09-25,Este
914,16,Tablet,11,660.83,2025-03-01,Norte
915,17,Tablet,16,1761.76,2024-12-13,Oeste
916,53,Tablet,10,1524.14,2024-09-22,Este
917,9,Smartphone,17,259.84,2023-10-18,Norte
918,35,Laptop,10,314.18,2024-07-06,Oeste
919,18,Smartphone,12,212.41,2024-04-21,Norte
920,34,Teclado,20,1163.2,2024-01-11,Norte
921,3,Monitor,18,1306.54,2024-06-02,Oeste
922,41,Teclado,19,829.13,2023-09-15,Este
923,52,Tablet,6,398.6,2024-04-16,Norte
924,40,Auriculares,14,571.72,2024-07-13,Norte
925,11,Teclado,1,932.2,2024-04-08,Oeste
926,11,Tablet,13,1988.53,2024-07-13,Oeste
927,16,Monitor,15,1464.64,2024-09-23,Centro
928,8,Laptop,15,1913.56,2024-01-31,Este
929,1,Auriculares,6,585.04,2024-07-21,Centro
930,33,Tablet,14,1038.27,2023-08-11,Centro
931,55,Laptop,20,1850.79,2023-08-10,Norte
932,21,Teclado,13,1903.41,2025-03-30,Norte
933,11,Auriculares,1,775.59,2024-07-31,Sur
934,32,Auriculares,16,446.32,2024-10-01,Oeste
935,38,Teclado,20,1956.78,2024-08-01,Este
936,21,Teclado,1,1245.47,2024-07-24,Norte
937,49,Tablet,16,1386.7,2024-08-27,Sur
938,7,Monitor,3,931.87,2023-11-24,Sur
939,24,Smartphone,12,170.06,2024-01-25,Norte
940,26,Auriculares,5,782.69,2024-05-28,Este
941,2,Laptop,3,426.22,2024-04-27,Oeste
942,12,Laptop,1,671.69,2025-03-23,Norte
943,17,Laptop,6,659.6,2024-08-25,Sur
944,23,Tablet,3,733.68,2024-03-23,Norte
945,30,Auriculares,9,109.64,2025-07-06,Sur
946,40,Tablet,12,1646.49,2023-12-06,Este
947,55,Monitor,17,1581.58,2024-12-06,Sur
948,42,Smartphone,18,1836.89,2024-05-30,Sur
949,34,Teclado,14,253.92,2023-11-25,Este
950,49,Auriculares,4,1995.9,2025-03-30,Centro
951,46,Teclado,4,191.22,2024-12-31,Sur
952,22,Monitor,3,288.52,2024-07-26,Oeste
953,55,Smartphone,12,1777.71,2024-01-19,Centro
954,30,Monitor,4,1840.6,2025-03-16,Norte
955,53,Smartphone,19,1686.96,2023-10-18,Centro
956,28,Tablet,1,1429.12,2025-03-15,Sur
957,21,Auriculares,20,118.61,2025-04-18,Norte
958,7,Teclado,10,1224.05,2024-05-14,Centro
959,47,Teclado,1,209.53,2024-05-26,Centro
960,6,Smartphone,11,828.76,2024-11-11,Centro
961,29,Monitor,18,196.47,2025-06-23,Norte
962,50,Tablet,7,709.59,2025-06-16,Oeste
963,47,Smartphone,19,1007.53,2025-02-11,Oeste
964,50,Smartphone,10,469.0,2025-02-17,Centro
965,26,Laptop,2,423.52,2025-04-08,Oeste
966,14,Tablet,7,672.19,2024-01-03,Sur
967,45,Teclado,8,789.03,2024-03-22,Oeste
968,32,Tablet,13,1911.18,2024-10-21,Oeste
969,37,Laptop,3,1486.01,2024-04-04,Oeste
970,19,Tablet,10,441.99,2025-02-22,Sur
971,48,Teclado,11,1870.55,2024-07-19,Sur
972,33,Laptop,14,1051.11,2023-10-25,Sur
973,16,Auriculares,7,1106.5,2024-03-12,Norte
974,22,Laptop,3,261.97,2025-03-05,Sur
975,46,Smartphone,8,748.29,2024-07-17,Sur
976,54,Teclado,13,784.44,2024-12-08,Sur
977,54,Teclado,11,1255.26,2024-12-17,Este
978,41,Monitor,8,1170.3,2023-09-12,Centro
979,10,Tablet,15,420.25,2024-01-26,Sur
980,2,Auriculares,8,1556.06,2023-12-27,Sur
981,39,Laptop,13,1597.23,2025-01-04,Centro
982,31,Monitor,12,588.82,2024-04-01,Norte
983,11,Laptop,19,740.29,2025-01-29,Centro
984,3,Smartphone,17,528.87,2023-12-10,Este
985,11,Monitor,7,831.94,2024-03-03,Oeste
986,51,Laptop,20,808.59,2024-01-20,Centro
987,23,Laptop,16,734.09,2023-12-17,Norte
988,35,Teclado,9,1006.88,2023-11-12,Este
989,9,Teclado,4,139.86,2024-04-23,Oeste
990,1,Monitor,3,1016.38,2024-05-26,Centro
991,12,Monitor,3,1218.87,2024-12-04,Norte
992,26,Tablet,11,815.23,2023-07-29,Sur
993,3,Smartphone,16,1030.6,2024-12-22,Centro
994,16,Auriculares,1,335.01,2025-05-20,Norte
995,41,Laptop,4,1840.99,2024-06-30,Este
996,50,Auriculares,15,456.78,2025-01-19,Norte
997,16,Monitor,13,1000.62,2024-02-02,Sur
998,35,Smartphone,6,1635.14,2023-12-26,Norte
999,51,Teclado,13,278.77,2023-11-17,Este
1000,28,Teclado,8,1372.94,2024-01-12,Oeste
1001,42,Tablet,5,746.99,2024-11-23,Este
1002,8,Auriculares,9,175.35,2024-04-28,Centro
1003,45,Laptop,3,142.21,2024-04-03,Oeste
1004,19,Tablet,4,1431.19,2025-01-24,Este
1005,7,Smartphone,10,618.63,2024-07-03,Sur
